"filename","group_id","variable","mean","sd","n","r","plot_type","group","axis","id","dat"
"1_006boxplot_x.png","0","Critical Thermal Limit",2.981370817,1.024366662,10,NA,"boxplot","0","x","figs1_Noble_data.csv","x_0"
"1_006boxplot_x.png","1","Critical Thermal Limit",3.198354629,0.817015917,10,NA,"boxplot","1","x","figs1_Noble_data.csv","x_1"
"10_003boxplot_y.png","0","Sprint speed (m/s)",8.230767866,2.022256103,10,NA,"boxplot","0","y","figs1_Noble_data.csv","y_0"
"10_003boxplot_y.png","1","Sprint speed (m/s)",8.323213414,1.013286704,10,NA,"boxplot","1","y","figs1_Noble_data.csv","y_1"
"11_014histo_x.png","1","Flying speed(m/s)",3.132233541,0.758642622,20,NA,"histogram","all","x","figs1_Noble_data.csv","x_all"
"12_005boxplot_x.png","0","Hair length (mm)",2.976831643,1.027960258,10,NA,"boxplot","0","x","figs1_Noble_data.csv","x_0"
"12_005boxplot_x.png","1","Hair length (mm)",3.196490963,0.818192516,10,NA,"boxplot","1","x","figs1_Noble_data.csv","x_1"
"13_013histo_x.png","","Number of jumps",3.122516586,0.760223215,20,NA,"histogram","all","x","figs1_Noble_data.csv","x_all"
"14_004boxplot_y.png","0","Bite force (n)",8.221011791,2.046451137,10,NA,"boxplot","0","y","figs1_Noble_data.csv","y_0"
"14_004boxplot_y.png","1","Bite force (n)",8.323407202,1.010798741,10,NA,"boxplot","1","y","figs1_Noble_data.csv","y_1"
"2_002scatterplot.png","Forest","Body size (mm)",2.992258922,0.880532551,10,0.916400172,"scatterplot","0","x","figs1_Noble_data.csv","x_0"
"2_002scatterplot.png","Forest","Body mass (g)",8.174373141,1.824032219,10,0.916400172,"scatterplot","0","y","figs1_Noble_data.csv","y_0"
"2_002scatterplot.png","Savannah","Body size (mm)",3.228500099,0.67318727,10,0.300157139,"scatterplot","1","x","figs1_Noble_data.csv","x_1"
"2_002scatterplot.png","Savannah","Body mass (g)",8.30293951,0.802067719,10,0.300157139,"scatterplot","1","y","figs1_Noble_data.csv","y_1"
"3_008mean_se_y.png","Treatment 2","Transect length (SD)",8.297630114,0.827981834,10,NA,"mean_error","1","y","figs1_Noble_data.csv","y_1"
"3_008mean_se_y.png","Treatment 1","Transect length (SD)",8.175886826,1.84548376,10,NA,"mean_error","0","y","figs1_Noble_data.csv","y_0"
"4_007mean_se_y.png","Treatment 1","Mean running distance (sd)",8.157897529,1.838176255,10,NA,"mean_error","0","y","figs1_Noble_data.csv","y_0"
"4_007mean_se_y.png","Treatment 2","Mean running distance (sd)",8.311691987,0.805192508,10,NA,"mean_error","1","y","figs1_Noble_data.csv","y_1"
"5_010mean_se_x.png","trt1","Average fish size (g) SD",2.991909586,0.877100225,10,NA,"mean_error","0","x","figs1_Noble_data.csv","x_0"
"5_010mean_se_x.png","trt 2","Average fish size (g) SD",3.230718734,0.679488317,10,NA,"mean_error","1","x","figs1_Noble_data.csv","x_1"
"6_001scatterplot.png","Control","Sepal length (mm)",2.989839923,0.878591839,10,0.916349328,"scatterplot","0","x","figs1_Noble_data.csv","x_0"
"6_001scatterplot.png","Control","Root length (mm)",8.171058086,1.822741972,10,0.916349328,"scatterplot","0","y","figs1_Noble_data.csv","y_0"
"6_001scatterplot.png","Treatment","Sepal length (mm)",3.233455271,0.672609729,10,0.295152965,"scatterplot","1","x","figs1_Noble_data.csv","x_1"
"6_001scatterplot.png","Treatment","Root length (mm)",8.310761545,0.809769432,10,0.295152965,"scatterplot","1","y","figs1_Noble_data.csv","y_1"
"7_011histo_y.png","","Latency to return to hide",8.302738239,1.511775582,20,NA,"histogram","all","y","figs1_Noble_data.csv","y_all"
"8_009mean_se_x.png","trt1","Mean sound intensity (SD)",2.996895374,0.882104049,10,NA,"mean_error","0","x","figs1_Noble_data.csv","x_0"
"8_009mean_se_x.png","trt2","Mean sound intensity (SD)",3.229937464,0.668328381,10,NA,"mean_error","1","x","figs1_Noble_data.csv","x_1"
"9_012histo_y.png","","Latency to return to hide",8.296788843,1.50616942,20,NA,"histogram","all","y","figs1_Noble_data.csv","y_all"
"1_013histo_x.png","1","Number of Jumps",3.121290323,0.761720692,20,NA,"histogram","all","x","figs10_Losia_data.csv","x_all"
"10_008mean_se_y.png","Treatment1","Transect length",8.166134185,1.814696486,10,NA,"mean_error","0","y","figs10_Losia_data.csv","y_0"
"10_008mean_se_y.png","Treatment2","Transect length",8.293929712,0.843450479,10,NA,"mean_error","1","y","figs10_Losia_data.csv","y_1"
"11_001scatterplot.png","Control","Sepal length",2.988387097,0.88373125,10,0.912637964,"scatterplot","0","x","figs10_Losia_data.csv","x_0"
"11_001scatterplot.png","Control","Root length",8.166134185,1.82790793,10,0.912637964,"scatterplot","0","y","figs10_Losia_data.csv","y_0"
"11_001scatterplot.png","Treatment","Sepal length",3.232258065,0.672482437,10,0.289393378,"scatterplot","1","x","figs10_Losia_data.csv","x_1"
"11_001scatterplot.png","Treatment","Root length",8.301597444,0.804383485,10,0.289393378,"scatterplot","1","y","figs10_Losia_data.csv","y_1"
"12_002scatterplot.png","Forest","body size",2.990967742,0.87750474,10,0.917739144,"scatterplot","0","x","figs10_Losia_data.csv","x_0"
"12_002scatterplot.png","Forest","body mass",8.152866242,1.829079347,10,0.917739144,"scatterplot","0","y","figs10_Losia_data.csv","y_0"
"12_002scatterplot.png","Savannah","body size",3.23483871,0.674180343,10,0.306353998,"scatterplot","1","x","figs10_Losia_data.csv","x_1"
"12_002scatterplot.png","Savannah","body mass",8.277707006,0.795173889,10,0.306353998,"scatterplot","1","y","figs10_Losia_data.csv","y_1"
"13_011histo_y.png","one group","latency to return to hide",8.303225806,1.514632068,20,NA,"histogram","all","y","figs10_Losia_data.csv","y_all"
"14_005boxplot_x.png","0","Hair length",2.979233227,1.033399569,10,NA,"boxplot","0","x","figs10_Losia_data.csv","x_0"
"14_005boxplot_x.png","1","Hair length",3.201277955,0.82371924,10,NA,"boxplot","1","x","figs10_Losia_data.csv","x_1"
"2_007mean_se_y.png","Treatment1","running distance",8.178343949,1.808917197,10,NA,"mean_error","0","y","figs10_Losia_data.csv","y_0"
"2_007mean_se_y.png","Treatment2","running distance",8.331210191,0.76433121,10,NA,"mean_error","1","y","figs10_Losia_data.csv","y_1"
"3_012histo_y.png","one group","latency to return to hide",8.303870968,1.512924258,20,NA,"histogram","all","y","figs10_Losia_data.csv","y_all"
"4_014histo_x.png","one group","flying speed",3.125483871,0.761789353,20,NA,"histogram","all","x","figs10_Losia_data.csv","x_all"
"5_006boxplot_x.png","0","thermal critical limit",2.979233227,1.033399569,10,NA,"boxplot","0","x","figs10_Losia_data.csv","x_0"
"5_006boxplot_x.png","1","thermal critical limit",3.202875399,0.820289713,10,NA,"boxplot","1","x","figs10_Losia_data.csv","x_1"
"6_009mean_se_x.png","Treatment1","mean sound intensity",2.987261146,0.878980892,10,NA,"mean_error","0","x","figs10_Losia_data.csv","x_0"
"6_009mean_se_x.png","Treatment2","mean sound intensity",3.229299363,0.675159236,10,NA,"mean_error","1","x","figs10_Losia_data.csv","x_1"
"7_003boxplot_y.png","0","sprint speed",8.239616613,2.039522638,10,NA,"boxplot","0","y","figs10_Losia_data.csv","y_0"
"7_003boxplot_y.png","1","sprint speed",8.335463259,1.010676843,10,NA,"boxplot","1","y","figs10_Losia_data.csv","y_1"
"8_010mean_se_x.png","Treatment1","average fish size",3,0.866242038,10,NA,"mean_error","0","x","figs10_Losia_data.csv","x_0"
"8_010mean_se_x.png","Treatment2","average fish size",3.229299363,0.662420382,10,NA,"mean_error","1","x","figs10_Losia_data.csv","x_1"
"9_004boxplot_y.png","0","bite force",8.242811502,2.046381693,10,NA,"boxplot","0","y","figs10_Losia_data.csv","y_0"
"9_004boxplot_y.png","1","bite force",8.345047923,1.003817788,10,NA,"boxplot","1","y","figs10_Losia_data.csv","y_1"
"1_007mean_se_y.png","Treatment 1","Mean running distance",8.159641312,1.807457927,10,NA,"mean_error","0","y","figs13_Ivan_data.csv","y_0"
"1_007mean_se_y.png","Treatment 2","Mean running distance",8.309431341,0.815067412,10,NA,"mean_error","1","y","figs13_Ivan_data.csv","y_1"
"10_012histo_y.png","na","Latency to Return to Hide",8.310588677,1.49579875,20,NA,"histogram","all","y","figs13_Ivan_data.csv","y_all"
"11_010mean_se_x.png","Treatment 1","Average Fish Size",2.9931475,0.878833117,10,NA,"mean_error","0","x","figs13_Ivan_data.csv","x_0"
"11_010mean_se_x.png","Treatment 2","Average Fish Size",3.234147476,0.677773427,10,NA,"mean_error","1","x","figs13_Ivan_data.csv","x_1"
"12_002scatterplot.png","Forest","Body size",2.985005817,0.859246192,10,0.918530943,"scatterplot","0","x","figs13_Ivan_data.csv","x_0"
"12_002scatterplot.png","Forest","Bodymass",8.1888326,1.84235823,10,0.918530943,"scatterplot","0","y","figs13_Ivan_data.csv","y_0"
"12_002scatterplot.png","Savannah","Body size",3.216652123,0.65994784,10,0.30376532,"scatterplot","1","x","figs13_Ivan_data.csv","x_1"
"12_002scatterplot.png","Savannah","Bodymass",8.323004105,0.817369234,10,0.30376532,"scatterplot","1","y","figs13_Ivan_data.csv","y_1"
"13_014histo_x.png","n","Flying speed (m/s)",3.113227114,0.747994778,20,NA,"histogram","all","x","figs13_Ivan_data.csv","x_all"
"14_003boxplot_y.png","0","Sprint speed (m/s)",8.240814009,2.043222493,10,NA,"boxplot","0","y","figs13_Ivan_data.csv","y_0"
"14_003boxplot_y.png","1","Sprint speed (m/s)",8.345981243,1.004972315,10,NA,"boxplot","1","y","figs13_Ivan_data.csv","y_1"
"2_008mean_se_y.png","Treatment 1","Transect length",8.168686942,1.806053568,10,NA,"mean_error","0","y","figs13_Ivan_data.csv","y_0"
"2_008mean_se_y.png","Treatment 2","Transect length",8.278217319,0.74762285,10,NA,"mean_error","1","y","figs13_Ivan_data.csv","y_1"
"3_005boxplot_x.png","0","Hair length",2.972447649,1.015276403,10,NA,"boxplot","0","x","figs13_Ivan_data.csv","x_0"
"3_005boxplot_x.png","1","Hair length",3.182898884,0.809117506,10,NA,"boxplot","1","x","figs13_Ivan_data.csv","x_1"
"4_001scatterplot.png","Control","Sepal length",2.998357556,0.887691144,10,0.917066564,"scatterplot","0","x","figs13_Ivan_data.csv","x_0"
"4_001scatterplot.png","Control","Root length",8.164559249,1.801215326,10,0.917066564,"scatterplot","0","y","figs13_Ivan_data.csv","y_0"
"4_001scatterplot.png","Treatment","Sepal length",3.245803055,0.673848246,10,0.299126025,"scatterplot","1","x","figs13_Ivan_data.csv","x_1"
"4_001scatterplot.png","Treatment","Root length",8.310317919,0.80564463,10,0.299126025,"scatterplot","1","y","figs13_Ivan_data.csv","y_1"
"5_006boxplot_x.png","0","Thermal Critical Limit",2.991614486,1.02405564,10,NA,"boxplot","0","x","figs13_Ivan_data.csv","x_0"
"5_006boxplot_x.png","1","Thermal Critical Limit",3.203925446,0.828300207,10,NA,"boxplot","1","x","figs13_Ivan_data.csv","x_1"
"6_004boxplot_y.png","0","Bite force",8.222573144,2.063845676,10,NA,"boxplot","0","y","figs13_Ivan_data.csv","y_0"
"6_004boxplot_y.png","1","Bite force",8.337343,1.000840119,10,NA,"boxplot","1","y","figs13_Ivan_data.csv","y_1"
"7_011histo_y.png","n","Latency to return to Hide",8.270713879,1.488049197,20,NA,"histogram","all","y","figs13_Ivan_data.csv","y_all"
"8_009mean_se_x.png","Treatment 1","mean sound intensity",2.99746487,0.872120817,10,NA,"mean_error","0","x","figs13_Ivan_data.csv","x_0"
"8_009mean_se_x.png","Treatment 2","mean sound intensity",3.230189773,0.656671013,10,NA,"mean_error","1","x","figs13_Ivan_data.csv","x_1"
"9_013histo_x.png","na","Number of Jumps",3.122670115,0.748805794,20,NA,"histogram","all","x","figs13_Ivan_data.csv","x_all"
"1_012histo_y.png","hist","latency",8.509158401,1.578938252,22,NA,"histogram","all","y","figs16_Diego_data.csv","y_all"
"10_010mean_se_x.png","treat","treatment",2.981049403,0.907876,10,NA,"mean_error","0","x","figs16_Diego_data.csv","x_0"
"10_010mean_se_x.png","treat2","treatment",3.231606237,0.68627451,10,NA,"mean_error","1","x","figs16_Diego_data.csv","x_1"
"11_005boxplot_x.png","0","application treatment",2.982659012,1.020472927,10,NA,"boxplot","0","x","figs16_Diego_data.csv","x_0"
"11_005boxplot_x.png","1","application treatment",3.194036526,0.815754487,10,NA,"boxplot","1","x","figs16_Diego_data.csv","x_1"
"12_011histo_y.png","hist","latency",8.299859042,1.503455431,20,NA,"histogram","all","y","figs16_Diego_data.csv","y_all"
"13_006boxplot_x.png","0","thermal treatment",2.975987811,1.019390835,10,NA,"boxplot","0","x","figs16_Diego_data.csv","x_0"
"13_006boxplot_x.png","1","thermal treatment",3.195970295,0.81907653,10,NA,"boxplot","1","x","figs16_Diego_data.csv","x_1"
"14_002scatterplot.png","forest","body size",2.991540228,0.879836453,10,0.917490065,"scatterplot","0","x","figs16_Diego_data.csv","x_0"
"14_002scatterplot.png","forest","body mass",8.169640205,1.824045818,10,0.917490065,"scatterplot","0","y","figs16_Diego_data.csv","y_0"
"14_002scatterplot.png","savannah","body size",3.236143111,0.672811434,10,0.29377287,"scatterplot","1","x","figs16_Diego_data.csv","x_1"
"14_002scatterplot.png","savannah","body mass",8.312282588,0.803338384,10,0.29377287,"scatterplot","1","y","figs16_Diego_data.csv","y_1"
"2_013histo_x.png","hist","number of jumps",3.123250593,0.75886081,20,NA,"histogram","all","x","figs16_Diego_data.csv","x_all"
"3_004boxplot_y.png","0","treatment",8.243428665,2.035588551,10,NA,"boxplot","0","y","figs16_Diego_data.csv","y_0"
"3_004boxplot_y.png","1","treatment",8.336452345,1.024392975,10,NA,"boxplot","1","y","figs16_Diego_data.csv","y_1"
"4_014histo_x.png","hist","flying speed",3.122823863,0.759439178,20,NA,"histogram","all","x","figs16_Diego_data.csv","x_all"
"5_009mean_se_x.png","1","sound intensity",2.995335532,0.88500993,10,NA,"mean_error","0","x","figs16_Diego_data.csv","x_0"
"5_009mean_se_x.png","2","sound intensity",3.236102254,0.671792723,10,NA,"mean_error","1","x","figs16_Diego_data.csv","x_1"
"6_008mean_se_y.png","1","transect length",8.181019236,1.821059349,10,NA,"mean_error","0","y","figs16_Diego_data.csv","y_0"
"6_008mean_se_y.png","2","transect length",8.30930805,0.8140031,10,NA,"mean_error","1","y","figs16_Diego_data.csv","y_1"
"7_001scatterplot.png","control","sepal length",2.992189144,0.877105992,10,0.918477125,"scatterplot","0","x","figs16_Diego_data.csv","x_0"
"7_001scatterplot.png","control","root length",8.179454026,1.815929498,10,0.918477125,"scatterplot","0","y","figs16_Diego_data.csv","y_0"
"7_001scatterplot.png","treatment","sepal length",3.238005943,0.673118147,10,0.289665066,"scatterplot","1","x","figs16_Diego_data.csv","x_1"
"7_001scatterplot.png","treatment","root length",8.307603212,0.80622892,10,0.289665066,"scatterplot","1","y","figs16_Diego_data.csv","y_1"
"8_003boxplot_y.png","0","sprint speed",8.240237885,2.048015283,10,NA,"boxplot","0","y","figs16_Diego_data.csv","y_0"
"8_003boxplot_y.png","1","sprint speed",8.341703684,1.021260448,10,NA,"boxplot","1","y","figs16_Diego_data.csv","y_1"
"9_007mean_se_y.png","1","running distance",8.212144112,1.786890769,10,NA,"mean_error","0","y","figs16_Diego_data.csv","y_0"
"9_007mean_se_y.png","2","running distance",8.253371088,0.866859084,10,NA,"mean_error","1","y","figs16_Diego_data.csv","y_1"
"10_009mean_se_x.png","Treatment 1","Mean Sound Intensity (decible) +/- SD",3,0.869918699,10,NA,"mean_error","0","x","figs18_Gihan_data.csv","x_0"
"10_009mean_se_x.png","Treatment 2","Mean Sound Intensity (decible) +/- SD",3.243902439,0.658536585,10,NA,"mean_error","1","x","figs18_Gihan_data.csv","x_1"
"1_004boxplot_y.png","Treatment 0","Bite Force (N)",8.245934959,2.044661085,10,NA,"boxplot","0","y","figs18_Gihan_data.csv","y_0"
"1_004boxplot_y.png","Treatment 1","Bite Force (N)",8.355691057,1.027881272,10,NA,"boxplot","1","y","figs18_Gihan_data.csv","y_1"
"11_001scatterplot.png","Control","Sepal length (mm)",2.993429158,0.87671993,10,0.916835909,"scatterplot","0","x","figs18_Gihan_data.csv","x_0"
"11_001scatterplot.png","Control","Root length (mm)",8.181744422,1.817638194,10,0.916835909,"scatterplot","0","y","figs18_Gihan_data.csv","y_0"
"11_001scatterplot.png","Treatment","Sepal length (mm)",3.236550308,0.672609759,10,0.286526335,"scatterplot","1","x","figs18_Gihan_data.csv","x_1"
"11_001scatterplot.png","Treatment","Root length (mm)",8.329411765,0.798520924,10,0.286526335,"scatterplot","1","y","figs18_Gihan_data.csv","y_1"
"12_014histo_x.png","Frequency","Flying Speed (m/s)",3.125154639,0.762449788,20,NA,"histogram","all","x","figs18_Gihan_data.csv","x_all"
"13_007mean_se_y.png","Treatment","Mean running distance (mm) +/- standard deviation",8.195121951,1.804878049,10,NA,"mean_error","0","y","figs18_Gihan_data.csv","y_0"
"13_007mean_se_y.png","Treatment 2","Mean running distance (mm) +/- standard deviation",8.308943089,0.796747967,10,NA,"mean_error","1","y","figs18_Gihan_data.csv","y_1"
"14_012histo_y.png","Frequency","Latency to Return to Hide",8.301646091,1.509546399,20,NA,"histogram","all","y","figs18_Gihan_data.csv","y_all"
"2_010mean_se_x.png","Treatment 1","Average Fish SIze (g) +/- SD",3,0.869918699,10,NA,"mean_error","0","x","figs18_Gihan_data.csv","x_0"
"2_010mean_se_x.png","Treatment 2","Average Fish SIze (g) +/- SD",3.243902439,0.666666667,10,NA,"mean_error","1","x","figs18_Gihan_data.csv","x_1"
"3_011histo_y.png","Frequency","Latency to Return to Hide",8.304938272,1.509728721,20,NA,"histogram","all","y","figs18_Gihan_data.csv","y_all"
"4_008mean_se_y.png","Treatment 1","Transect length +/- SD",8.17107943,1.857433809,10,NA,"mean_error","0","y","figs18_Gihan_data.csv","y_0"
"4_008mean_se_y.png","Treatment 2","Transect length +/- SD",8.301425662,0.798370672,10,NA,"mean_error","1","y","figs18_Gihan_data.csv","y_1"
"5_013histo_x.png","Frequency","Number of Jumps",3.132172131,0.756996432,20,NA,"histogram","all","x","figs18_Gihan_data.csv","x_all"
"6_003boxplot_y.png","Treatment 0","Sprint speed (m/s)",8.230142566,2.034813088,10,NA,"boxplot","0","y","figs18_Gihan_data.csv","y_0"
"6_003boxplot_y.png","Treatment 1","Sprint speed (m/s)",8.33197556,1.008956302,10,NA,"boxplot","1","y","figs18_Gihan_data.csv","y_1"
"7_005boxplot_x.png","Application Treatment 0","Hair length(cm)",2.983739837,1.029667351,10,NA,"boxplot","0","x","figs18_Gihan_data.csv","x_0"
"7_005boxplot_x.png","Application Treatment 1","Hair length(cm)",3.193089431,0.826724489,10,NA,"boxplot","1","x","figs18_Gihan_data.csv","x_1"
"8_006boxplot_x.png","Thermal Treatment 0","Thermal Critical Limit",2.981707317,1.029667351,10,NA,"boxplot","0","x","figs18_Gihan_data.csv","x_0"
"8_006boxplot_x.png","Thermal Treatment 1","Thermal Critical Limit",3.194105691,0.824542696,10,NA,"boxplot","1","x","figs18_Gihan_data.csv","x_1"
"9_002scatterplot.png","Forest","Body size (mm)",2.992607803,0.879452905,10,0.915878889,"scatterplot","0","x","figs18_Gihan_data.csv","x_0"
"9_002scatterplot.png","Forest","Body mass (g)",8.184989858,1.825034057,10,0.915878889,"scatterplot","0","y","figs18_Gihan_data.csv","y_0"
"9_002scatterplot.png","Savannah","Body size (mm)",3.234086242,0.671237041,10,0.288234003,"scatterplot","1","x","figs18_Gihan_data.csv","x_1"
"9_002scatterplot.png","Savannah","Body mass (g)",8.313184584,0.803634175,10,0.288234003,"scatterplot","1","y","figs18_Gihan_data.csv","y_1"
"1_005boxplot_x.png","0","Hair Length",2.971384036,1.027786493,10,NA,"boxplot","0","x","figs2_Joel_data.csv","x_0"
"1_005boxplot_x.png","1","Hair Length",3.196170893,0.819502237,10,NA,"boxplot","1","x","figs2_Joel_data.csv","x_1"
"10_007mean_se_y.png","Treatment 1","Mean Running Distance",8.178603159,1.821003719,10,NA,"mean_error","0","y","figs2_Joel_data.csv","y_0"
"10_007mean_se_y.png","Treatment 2","Mean Running Distance",8.3145919,0.794420813,10,NA,"mean_error","1","y","figs2_Joel_data.csv","y_1"
"11_009mean_se_x.png","Treatment 1","Mean Sound Intensity",2.988709462,0.882646112,10,NA,"mean_error","0","x","figs2_Joel_data.csv","x_0"
"11_009mean_se_x.png","Treatment 2","Mean Sound Intensity",3.227716146,0.679794345,10,NA,"mean_error","1","x","figs2_Joel_data.csv","x_1"
"12_001scatterplot.png","control","Sepal length",2.988219852,0.87518265,10,0.915469903,"scatterplot","0","x","figs2_Joel_data.csv","x_0"
"12_001scatterplot.png","control","Root Length",8.177936927,1.820709538,10,0.915469903,"scatterplot","0","y","figs2_Joel_data.csv","y_0"
"12_001scatterplot.png","Treatment","Sepal length",3.230642069,0.674212967,10,0.300131171,"scatterplot","1","x","figs2_Joel_data.csv","x_1"
"12_001scatterplot.png","Treatment","Root Length",8.324619927,0.807590162,10,0.300131171,"scatterplot","1","y","figs2_Joel_data.csv","y_1"
"13_013histo_x.png","","number of jumps",3.124624828,0.761484574,20,NA,"histogram","all","x","figs2_Joel_data.csv","x_all"
"14_002scatterplot.png","Forest","Body Size",2.992939903,0.879444566,10,0.913806072,"scatterplot","0","x","figs2_Joel_data.csv","x_0"
"14_002scatterplot.png","Forest","Body Mass",8.176190563,1.824009113,10,0.913806072,"scatterplot","0","y","figs2_Joel_data.csv","y_0"
"14_002scatterplot.png","Savannah","Body Size",3.237415946,0.668615638,10,0.287891046,"scatterplot","1","x","figs2_Joel_data.csv","x_1"
"14_002scatterplot.png","Savannah","Body Mass",8.307314686,0.812391958,10,0.287891046,"scatterplot","1","y","figs2_Joel_data.csv","y_1"
"2_011histo_y.png","","Latency to Return to Hide",8.294821214,1.507432565,20,NA,"histogram","all","y","figs2_Joel_data.csv","y_all"
"3_012histo_y.png","","Latency to Return to Hide",8.296596455,1.508468787,20,NA,"histogram","all","y","figs2_Joel_data.csv","y_all"
"4_008mean_se_y.png","Treatment 1","Transect Length",8.146916298,1.857050986,10,NA,"mean_error","0","y","figs2_Joel_data.csv","y_0"
"4_008mean_se_y.png","Treatment 2","Transect Length",8.302129471,0.790558228,10,NA,"mean_error","1","y","figs2_Joel_data.csv","y_1"
"5_006boxplot_x.png","0","Thermal Critical Limit",2.973810881,1.016607999,10,NA,"boxplot","0","x","figs2_Joel_data.csv","x_0"
"5_006boxplot_x.png","1","Thermal Critical Limit",3.190145942,0.819999911,10,NA,"boxplot","1","x","figs2_Joel_data.csv","x_1"
"6_014histo_x.png","","Flying Speed",3.124800125,0.760161587,20,NA,"histogram","all","x","figs2_Joel_data.csv","x_all"
"7_004boxplot_y.png","0","Bite force",8.214858345,2.0458776,10,NA,"boxplot","0","y","figs2_Joel_data.csv","y_0"
"7_004boxplot_y.png","1","Bite force",8.315567526,1.020936759,10,NA,"boxplot","1","y","figs2_Joel_data.csv","y_1"
"8_010mean_se_x.png","Treatment 1","Average Fish Size",2.996080566,0.875521684,10,NA,"mean_error","0","x","figs2_Joel_data.csv","x_0"
"8_010mean_se_x.png","Treatment 2","Average Fish Size",3.227690074,0.678679006,10,NA,"mean_error","1","x","figs2_Joel_data.csv","x_1"
"9_003boxplot_y.png","0","Sprint Speed",8.221257781,2.038818667,10,NA,"boxplot","0","y","figs2_Joel_data.csv","y_0"
"9_003boxplot_y.png","1","Sprint Speed",8.336625321,1.003937417,10,NA,"boxplot","1","y","figs2_Joel_data.csv","y_1"
"1_006boxplot_x.png","0","thermal treatment",2.980769231,1.018097254,10,NA,"boxplot","0","x","figs25_Dax_data.csv","x_0"
"1_006boxplot_x.png","1","thermal treatment",3.199300699,0.827734845,10,NA,"boxplot","1","x","figs25_Dax_data.csv","x_1"
"10_008mean_se_y.png","treatment 1","transect length",8.167832168,1.818181818,10,NA,"mean_error","0","y","figs25_Dax_data.csv","y_0"
"10_008mean_se_y.png","treatment 2","transect length",8.335664336,0.811188811,10,NA,"mean_error","1","y","figs25_Dax_data.csv","y_1"
"11_007mean_se_y.png","treatment 1","mean running distance",8.167832168,1.818181818,10,NA,"mean_error","0","y","figs25_Dax_data.csv","y_0"
"11_007mean_se_y.png","treatment 2","mean running distance",8.307692308,0.811188811,10,NA,"mean_error","1","y","figs25_Dax_data.csv","y_1"
"12_009mean_se_x.png","treatment 1","mean sound intensity",2.986013986,0.867132867,10,NA,"mean_error","0","x","figs25_Dax_data.csv","x_0"
"12_009mean_se_x.png","treatment 2","mean sound intensity",3.237762238,0.657342657,10,NA,"mean_error","1","x","figs25_Dax_data.csv","x_1"
"13_003boxplot_y.png","0","sprint speed",8.221052632,2.052589055,10,NA,"boxplot","0","y","figs25_Dax_data.csv","y_0"
"13_003boxplot_y.png","1","sprint speed",8.319298246,1.022396506,10,NA,"boxplot","1","y","figs25_Dax_data.csv","y_1"
"14_001scatterplot.png","control","sepal length",2.995744681,0.879738883,10,0.915808693,"scatterplot","0","x","figs25_Dax_data.csv","x_0"
"14_001scatterplot.png","control","root length",8.196491228,1.823493465,10,0.915808693,"scatterplot","0","y","figs25_Dax_data.csv","y_0"
"14_001scatterplot.png","treatment","sepal length",3.236879433,0.66989644,10,0.295412958,"scatterplot","1","x","figs25_Dax_data.csv","x_1"
"14_001scatterplot.png","treatment","root length",8.334035088,0.807957415,10,0.295412958,"scatterplot","1","y","figs25_Dax_data.csv","y_1"
"2_011histo_y.png","","hide",8.30070922,1.506990357,20,NA,"histogram","all","y","figs25_Dax_data.csv","y_all"
"3_010mean_se_x.png","treatment 1","average fish size",3.021052632,0.856140351,10,NA,"mean_error","0","x","figs25_Dax_data.csv","x_0"
"3_010mean_se_x.png","treatment 2","average fish size",3.259649123,0.659649123,10,NA,"mean_error","1","x","figs25_Dax_data.csv","x_1"
"4_012histo_y.png","","hide",8.296453901,1.505902919,20,NA,"histogram","all","y","figs25_Dax_data.csv","y_all"
"5_004boxplot_y.png","0","bite force",8.231578947,2.045056129,10,NA,"boxplot","0","y","figs25_Dax_data.csv","y_0"
"5_004boxplot_y.png","1","bite force",8.336842105,1.017859209,10,NA,"boxplot","1","y","figs25_Dax_data.csv","y_1"
"6_013histo_x.png","","jumps",3.119858156,0.760984715,20,NA,"histogram","all","x","figs25_Dax_data.csv","x_all"
"7_005boxplot_x.png","0","hair length",2.980769231,1.024111264,10,NA,"boxplot","0","x","figs25_Dax_data.csv","x_0"
"7_005boxplot_x.png","1","hair length",3.195804196,0.821720835,10,NA,"boxplot","1","x","figs25_Dax_data.csv","x_1"
"8_002scatterplot.png","forest","body size",2.995744681,0.878798165,10,0.915673728,"scatterplot","0","x","figs25_Dax_data.csv","x_0"
"8_002scatterplot.png","forest","body mass",8.173426573,1.819391146,10,0.915673728,"scatterplot","0","y","figs25_Dax_data.csv","y_0"
"8_002scatterplot.png","savannah","body size",3.236879433,0.672594074,10,0.292261388,"scatterplot","1","x","figs25_Dax_data.csv","x_1"
"8_002scatterplot.png","savannah","body mass",8.313286713,0.800323775,10,0.292261388,"scatterplot","1","y","figs25_Dax_data.csv","y_1"
"9_014histo_x.png","","flying speed",3.124468085,0.759067469,20,NA,"histogram","all","x","figs25_Dax_data.csv","x_all"
"1_010mean_se_x.png","trt1","fish size",3.006944639,0.857270869,10,NA,"mean_error","0","x","figs27_Jonathan_data.csv","x_0"
"1_010mean_se_x.png","trt2","fish size",3.248942903,0.655708325,10,NA,"mean_error","1","x","figs27_Jonathan_data.csv","x_1"
"10_005boxplot_x.png","0","Hair Length",2.975769317,1.02476167,10,NA,"boxplot","0","x","figs27_Jonathan_data.csv","x_0"
"10_005boxplot_x.png","1","Hair Length",3.196260108,0.822774628,10,NA,"boxplot","1","x","figs27_Jonathan_data.csv","x_1"
"11_001scatterplot.png","Control","Sepal Length",2.99388206,0.875899179,10,0.91512662,"scatterplot","0","x","figs27_Jonathan_data.csv","x_0"
"11_001scatterplot.png","Control","Root Length",8.153674783,1.830522502,10,0.91512662,"scatterplot","0","y","figs27_Jonathan_data.csv","y_0"
"11_001scatterplot.png","Treatment","Sepal Length",3.238511842,0.66589172,10,0.288338151,"scatterplot","1","x","figs27_Jonathan_data.csv","x_1"
"11_001scatterplot.png","Treatment","Root Length",8.303824375,0.799574629,10,0.288338151,"scatterplot","1","y","figs27_Jonathan_data.csv","y_1"
"12_004boxplot_y.png","0","Bite Force",8.266721457,2.046007947,10,NA,"boxplot","0","y","figs27_Jonathan_data.csv","y_0"
"12_004boxplot_y.png","1","Bite Force",8.362530029,1.022199412,10,NA,"boxplot","1","y","figs27_Jonathan_data.csv","y_1"
"13_003boxplot_y.png","0","Sprint Speed",8.243696864,2.02834975,10,NA,"boxplot","0","y","figs27_Jonathan_data.csv","y_0"
"13_003boxplot_y.png","1","Sprint Speed",8.337341964,1.01503832,10,NA,"boxplot","1","y","figs27_Jonathan_data.csv","y_1"
"14_008mean_se_y.png","1","Transect Length",8.168065119,1.806292515,10,NA,"mean_error","0","y","figs27_Jonathan_data.csv","y_0"
"14_008mean_se_y.png","2","Transect Length",8.328732197,0.768142444,10,NA,"mean_error","1","y","figs27_Jonathan_data.csv","y_1"
"2_012histo_y.png","","Return to Hide",8.293225249,1.515221521,20,NA,"histogram","all","y","figs27_Jonathan_data.csv","y_all"
"3_002scatterplot.png","Forest","Body Size",2.970230769,0.888333465,10,0.916599982,"scatterplot","0","x","figs27_Jonathan_data.csv","x_0"
"3_002scatterplot.png","Forest","Body Mass",8.173539699,1.826398637,10,0.916599982,"scatterplot","0","y","figs27_Jonathan_data.csv","y_0"
"3_002scatterplot.png","Savannah","Body Size",3.214854701,0.678780268,10,0.300541588,"scatterplot","1","x","figs27_Jonathan_data.csv","x_1"
"3_002scatterplot.png","Savannah","Body Mass",8.307034997,0.805723605,10,0.300541588,"scatterplot","1","y","figs27_Jonathan_data.csv","y_1"
"4_014histo_x.png","","Flying Speed",3.127610121,0.757056173,20,NA,"histogram","all","x","figs27_Jonathan_data.csv","x_all"
"5_011histo_y.png","","Return to Hide",8.303097514,1.514145011,20,NA,"histogram","all","y","figs27_Jonathan_data.csv","y_all"
"6_007mean_se_y.png","1","Mean Running Distance",8.176866054,1.819683615,10,NA,"mean_error","0","y","figs27_Jonathan_data.csv","y_0"
"6_007mean_se_y.png","2","Mean Running Distance",8.299739657,0.811266899,10,NA,"mean_error","1","y","figs27_Jonathan_data.csv","y_1"
"7_006boxplot_x.png","0","Thermal Critical Limit",2.976454714,1.016648099,10,NA,"boxplot","0","x","figs27_Jonathan_data.csv","x_0"
"7_006boxplot_x.png","1","Thermal Critical Limit",3.191578716,0.812573599,10,NA,"boxplot","1","x","figs27_Jonathan_data.csv","x_1"
"8_009mean_se_x.png","1","Mean Sound Intensity",3.001734642,0.84458238,10,NA,"mean_error","0","x","figs27_Jonathan_data.csv","x_0"
"8_009mean_se_x.png","2","Mean Sound Intensity",3.239443243,0.650051726,10,NA,"mean_error","1","x","figs27_Jonathan_data.csv","x_1"
"9_013histo_x.png","","Number of Jumps",3.128506246,0.757513501,20,NA,"histogram","all","x","figs27_Jonathan_data.csv","x_all"
"1_009mean_se_x.png","treatment 1","mean sound intensity",2.991288435,0.8808784,10,NA,"mean_error","0","x","figs29_Ali_data.csv","x_0"
"1_009mean_se_x.png","treatment 2","mean sound intensity",3.244362264,0.669551459,10,NA,"mean_error","1","x","figs29_Ali_data.csv","x_1"
"10_014histo_x.png","","flying speed",3.122048714,0.766127522,20,NA,"histogram","all","x","figs29_Ali_data.csv","x_all"
"11_002scatterplot.png","forest","body size",2.991081471,0.874111694,10,0.914315618,"scatterplot","0","x","figs29_Ali_data.csv","x_0"
"11_002scatterplot.png","forest","body mass",8.177204453,1.822837719,10,0.914315618,"scatterplot","0","y","figs29_Ali_data.csv","y_0"
"11_002scatterplot.png","savannah","body size",3.234586399,0.668951987,10,0.294974712,"scatterplot","1","x","figs29_Ali_data.csv","x_1"
"11_002scatterplot.png","savannah","body mass",8.301519703,0.803522042,10,0.294974712,"scatterplot","1","y","figs29_Ali_data.csv","y_1"
"12_012histo_y.png","","latency",8.302631881,1.504962102,20,NA,"histogram","all","y","figs29_Ali_data.csv","y_all"
"13_006boxplot_x.png","0","thermal crit",2.970618381,1.018592972,10,NA,"boxplot","0","x","figs29_Ali_data.csv","x_0"
"13_006boxplot_x.png","1","thermal crit",3.190819193,0.820378159,10,NA,"boxplot","1","x","figs29_Ali_data.csv","x_1"
"14_010mean_se_x.png","treatment 1","average fish size",3.007467212,0.876582518,10,NA,"mean_error","0","x","figs29_Ali_data.csv","x_0"
"14_010mean_se_x.png","treatment 2","average fish size",3.239633083,0.657342127,10,NA,"mean_error","1","x","figs29_Ali_data.csv","x_1"
"2_011histo_y.png","","latency",8.300612389,1.521366331,20,NA,"histogram","all","y","figs29_Ali_data.csv","y_all"
"3_008mean_se_y.png","t1","transect length",8.179998484,1.816892865,10,NA,"mean_error","0","y","figs29_Ali_data.csv","y_0"
"3_008mean_se_y.png","t2","transect length",8.308817954,0.796345439,10,NA,"mean_error","1","y","figs29_Ali_data.csv","y_1"
"4_005boxplot_x.png","0","hair length",2.985168634,1.026149602,10,NA,"boxplot","0","x","figs29_Ali_data.csv","x_0"
"4_005boxplot_x.png","1","hair length",3.20377089,0.816204284,10,NA,"boxplot","1","x","figs29_Ali_data.csv","x_1"
"5_007mean_se_y.png","1","running distance",8.138622868,1.814630449,10,NA,"mean_error","0","y","figs29_Ali_data.csv","y_0"
"5_007mean_se_y.png","2","running distance",8.289854706,0.798534428,10,NA,"mean_error","1","y","figs29_Ali_data.csv","y_1"
"6_001scatterplot.png","control","sepal length",2.999776876,0.879757783,10,0.916206788,"scatterplot","0","x","figs29_Ali_data.csv","x_0"
"6_001scatterplot.png","control","root length",8.168757949,1.825220877,10,0.916206788,"scatterplot","0","y","figs29_Ali_data.csv","y_0"
"6_001scatterplot.png","treatment","sepal length",3.242266633,0.67071486,10,0.281475091,"scatterplot","1","x","figs29_Ali_data.csv","x_1"
"6_001scatterplot.png","treatment","root length",8.308183527,0.797217267,10,0.281475091,"scatterplot","1","y","figs29_Ali_data.csv","y_1"
"7_004boxplot_y.png","0","bite force",8.223761964,2.021728356,10,NA,"boxplot","0","y","figs29_Ali_data.csv","y_0"
"7_004boxplot_y.png","1","bite force",8.325715296,1.012459014,10,NA,"boxplot","1","y","figs29_Ali_data.csv","y_1"
"8_013histo_x.png","","number of jumps",3.127497642,0.763282571,20,NA,"histogram","all","x","figs29_Ali_data.csv","x_all"
"9_003boxplot_y.png","0","sprint speed",8.224461392,2.05272554,10,NA,"boxplot","0","y","figs29_Ali_data.csv","y_0"
"9_003boxplot_y.png","1","sprint speed",8.346901811,1.02451707,10,NA,"boxplot","1","y","figs29_Ali_data.csv","y_1"
"1_004boxplot_y.png","0","Bite force",8.232424746,2.038887103,10,NA,"boxplot","0","y","figs3_Shinichi_data.csv","y_0"
"1_004boxplot_y.png","1","Bite force",8.335678296,1.01905226,10,NA,"boxplot","1","y","figs3_Shinichi_data.csv","y_1"
"10_002scatterplot.png","Forest","Body size",2.997148201,0.875683357,10,0.917219377,"scatterplot","0","x","figs3_Shinichi_data.csv","x_0"
"10_002scatterplot.png","Forest","Body mass",8.176795701,1.819448196,10,0.917219377,"scatterplot","0","y","figs3_Shinichi_data.csv","y_0"
"10_002scatterplot.png","Savannah","Body size",3.23434996,0.669580882,10,0.285411782,"scatterplot","1","x","figs3_Shinichi_data.csv","x_1"
"10_002scatterplot.png","Savannah","Body mass",8.309326843,0.800151299,10,0.285411782,"scatterplot","1","y","figs3_Shinichi_data.csv","y_1"
"11_001scatterplot.png","Control","Sepal length",2.993445852,0.876782347,10,0.916624138,"scatterplot","0","x","figs3_Shinichi_data.csv","x_0"
"11_001scatterplot.png","Control","Root length",8.165074885,1.8280099,10,0.916624138,"scatterplot","0","y","figs3_Shinichi_data.csv","y_0"
"11_001scatterplot.png","Treatment","Sepal length",3.235471469,0.670116833,10,0.288076547,"scatterplot","1","x","figs3_Shinichi_data.csv","x_1"
"11_001scatterplot.png","Treatment","Root length",8.306699309,0.809132863,10,0.288076547,"scatterplot","1","y","figs3_Shinichi_data.csv","y_1"
"12_013histo_x.png",NA,"number of jumps",3.126500326,0.759888294,20,NA,"histogram","all","x","figs3_Shinichi_data.csv","x_all"
"13_009mean_se_x.png","Treatment 1","Mean sound intensity",2.996997536,0.884505707,10,NA,"mean_error","0","x","figs3_Shinichi_data.csv","x_0"
"13_009mean_se_x.png","Treatment 2","Mean sound intensity",3.233660635,0.669937293,10,NA,"mean_error","1","x","figs3_Shinichi_data.csv","x_1"
"14_005boxplot_x.png","0","Hair length",2.973941649,1.031735014,10,NA,"boxplot","0","x","figs3_Shinichi_data.csv","x_0"
"14_005boxplot_x.png","1","Hair length",3.19705008,0.827549451,10,NA,"boxplot","1","x","figs3_Shinichi_data.csv","x_1"
"2_006boxplot_x.png","0","Thermal ctritical limit",2.970348545,1.02674493,10,NA,"boxplot","0","x","figs3_Shinichi_data.csv","x_0"
"2_006boxplot_x.png","1","Thermal ctritical limit",3.189295724,0.817703969,10,NA,"boxplot","1","x","figs3_Shinichi_data.csv","x_1"
"3_014histo_x.png",NA,"Flying speed",3.130611135,0.763135067,20,NA,"histogram","all","x","figs3_Shinichi_data.csv","x_all"
"4_011histo_y.png",NA,"Latency to return to hide",8.294852307,1.508851969,20,NA,"histogram","all","y","figs3_Shinichi_data.csv","y_all"
"5_003boxplot_y.png","0","Sprint speed",8.242694968,2.038737307,10,NA,"boxplot","0","y","figs3_Shinichi_data.csv","y_0"
"5_003boxplot_y.png","1","Sprint speed",8.335651138,1.016338209,10,NA,"boxplot","1","y","figs3_Shinichi_data.csv","y_1"
"6_007mean_se_y.png","Treatment 1","Mean running distance",8.160705311,1.829444452,10,NA,"mean_error","0","y","figs3_Shinichi_data.csv","y_0"
"6_007mean_se_y.png","Treatment 2","Mean running distance",8.301020921,0.807489626,10,NA,"mean_error","1","y","figs3_Shinichi_data.csv","y_1"
"7_008mean_se_y.png","Treatment 1","Transect length",8.166104917,1.84680091,10,NA,"mean_error","0","y","figs3_Shinichi_data.csv","y_0"
"7_008mean_se_y.png","Treatment 2","Transect length",8.330999914,0.793017025,10,NA,"mean_error","1","y","figs3_Shinichi_data.csv","y_1"
"8_012histo_y.png",NA,"Latency to return to hide",8.311188897,1.505639682,20,NA,"histogram","all","y","figs3_Shinichi_data.csv","y_all"
"9_010mean_se_x.png","Treatment 1","Average fish size",2.988787576,0.876440235,10,NA,"mean_error","0","x","figs3_Shinichi_data.csv","x_0"
"9_010mean_se_x.png","Treatment 2","Average fish size",3.231891359,0.666613891,10,NA,"mean_error","1","x","figs3_Shinichi_data.csv","x_1"
"1_004boxplot_y.png","0","bite force",8.229127599,2.015036307,10,NA,"boxplot","0","y","figs30_Yian_data.csv","y_0"
"1_004boxplot_y.png","1","bite force",8.324330376,0.992255413,10,NA,"boxplot","1","y","figs30_Yian_data.csv","y_1"
"10_009mean_se_x.png","treatment 1","mean sound intensity",3.005769481,0.861178835,10,NA,"mean_error","0","x","figs30_Yian_data.csv","x_0"
"10_009mean_se_x.png","treatment 2","mean sound intensity",3.247417692,0.63868158,10,NA,"mean_error","1","x","figs30_Yian_data.csv","x_1"
"11_014histo_x.png","","flying speed",3.131298241,0.762218499,20,NA,"histogram","all","x","figs30_Yian_data.csv","x_all"
"12_013histo_x.png","","number of jumps",3.13293777,0.766622818,20,NA,"histogram","all","x","figs30_Yian_data.csv","x_all"
"13_010mean_se_x.png","treatment 1","average fish size",2.981528769,0.871353749,10,NA,"mean_error","0","x","figs30_Yian_data.csv","x_0"
"13_010mean_se_x.png","treatment 2","average fish size",3.224991146,0.689567762,10,NA,"mean_error","1","x","figs30_Yian_data.csv","x_1"
"14_008mean_se_y.png","treatment 1","transect length",8.150659694,1.805459925,10,NA,"mean_error","0","y","figs30_Yian_data.csv","y_0"
"14_008mean_se_y.png","treatment 2","transect length",8.295922735,0.784264101,10,NA,"mean_error","1","y","figs30_Yian_data.csv","y_1"
"2_007mean_se_y.png","treatment 1","mean running distance",8.170605641,1.827596539,10,NA,"mean_error","0","y","figs30_Yian_data.csv","y_0"
"2_007mean_se_y.png","treatment 2","mean running distance",8.328701449,0.759354283,10,NA,"mean_error","1","y","figs30_Yian_data.csv","y_1"
"3_011histo_y.png","","latency to return to hide",8.299448474,1.516412424,20,NA,"histogram","all","y","figs30_Yian_data.csv","y_all"
"4_003boxplot_y.png","0","sprint speed",8.233913723,2.013710675,10,NA,"boxplot","0","y","figs30_Yian_data.csv","y_0"
"4_003boxplot_y.png","1","sprint speed",8.336751493,1.014127621,10,NA,"boxplot","1","y","figs30_Yian_data.csv","y_1"
"5_005boxplot_x.png","0","hair length",2.981604905,1.038215451,10,NA,"boxplot","0","x","figs30_Yian_data.csv","x_0"
"5_005boxplot_x.png","1","hair length",3.206069562,0.821952642,10,NA,"boxplot","1","x","figs30_Yian_data.csv","x_1"
"6_012histo_y.png","","latency to return to hide",8.300571933,1.514134788,20,NA,"histogram","all","y","figs30_Yian_data.csv","y_all"
"7_006boxplot_x.png","0","thermal critical limit",2.977802805,1.025783395,10,NA,"boxplot","0","x","figs30_Yian_data.csv","x_0"
"7_006boxplot_x.png","1","thermal critical limit",3.194568549,0.823920627,10,NA,"boxplot","1","x","figs30_Yian_data.csv","x_1"
"8_001scatterplot.png","control","sepal length",2.989411205,0.880425144,10,0.91775712,"scatterplot","0","x","figs30_Yian_data.csv","x_0"
"8_001scatterplot.png","control","root length",8.155597153,1.817393271,10,0.91775712,"scatterplot","0","y","figs30_Yian_data.csv","y_0"
"8_001scatterplot.png","treatment","sepal length",3.238685437,0.672313204,10,0.281626235,"scatterplot","1","x","figs30_Yian_data.csv","x_1"
"8_001scatterplot.png","treatment","root length",8.299959226,0.795126916,10,0.281626235,"scatterplot","1","y","figs30_Yian_data.csv","y_1"
"9_002scatterplot.png","forest","body size",3.002871615,0.883040718,10,0.917886442,"scatterplot","0","x","figs30_Yian_data.csv","x_0"
"9_002scatterplot.png","forest","body mass",8.167526827,1.829540999,10,0.917886442,"scatterplot","0","y","figs30_Yian_data.csv","y_0"
"9_002scatterplot.png","savannah","body size",3.253467647,0.676802534,10,0.286096856,"scatterplot","1","x","figs30_Yian_data.csv","x_1"
"9_002scatterplot.png","savannah","body mass",8.290941694,0.807977038,10,0.286096856,"scatterplot","1","y","figs30_Yian_data.csv","y_1"
"1_002scatterplot.png","Forest","Body size (mm)",2.998108747,0.877131074,10,0.916427377,"scatterplot","0","x","figs5_Rose_data.csv","x_0"
"1_002scatterplot.png","Forest","Body mass (g)",8.18028169,1.8363513,10,0.916427377,"scatterplot","0","y","figs5_Rose_data.csv","y_0"
"1_002scatterplot.png","Savannah","Body size (mm)",3.243026005,0.669962252,10,0.285158957,"scatterplot","1","x","figs5_Rose_data.csv","x_1"
"1_002scatterplot.png","Savannah","Body mass (g)",8.319248826,0.811891412,10,0.285158957,"scatterplot","1","y","figs5_Rose_data.csv","y_1"
"10_009mean_se_x.png","Treatment 1","Mean Sound Intensity (decibel)",2.985915493,0.882629108,10,NA,"mean_error","0","x","figs5_Rose_data.csv","x_0"
"10_009mean_se_x.png","Treatment 2","Mean Sound Intensity (decibel)",3.23943662,0.666666667,10,NA,"mean_error","1","x","figs5_Rose_data.csv","x_1"
"11_006boxplot_x.png","Thermal Treatment 0","Thermal Critical Limit",2.973067916,1.027651081,10,NA,"boxplot","0","x","figs5_Rose_data.csv","x_0"
"11_006boxplot_x.png","Thermal Treatment 1","Thermal Critical Limit",3.193208431,0.819012975,10,NA,"boxplot","1","x","figs5_Rose_data.csv","x_1"
"12_004boxplot_y.png","Treatment 0","Bite force (N)",8.226635514,2.018525597,10,NA,"boxplot","0","y","figs5_Rose_data.csv","y_0"
"12_004boxplot_y.png","Treatment 1","Bite force (N)",8.336448598,1.01364879,10,NA,"boxplot","1","y","figs5_Rose_data.csv","y_1"
"13_012histo_y.png","Animal","Latency to Return to Hide",8.310165485,1.507809928,20,NA,"histogram","all","y","figs5_Rose_data.csv","y_all"
"14_007mean_se_y.png","Treatment 1","Mean running distance (mm)",8.15625,1.81875,10,NA,"mean_error","0","y","figs5_Rose_data.csv","y_0"
"14_007mean_se_y.png","Treatment 2","Mean running distance (mm)",8.30625,0.7875,10,NA,"mean_error","1","y","figs5_Rose_data.csv","y_1"
"2_011histo_y.png","animal","Latency to Return to Hide",8.3,1.510856203,20,NA,"histogram","all","y","figs5_Rose_data.csv","y_all"
"3_010mean_se_x.png","Treatment 1","Average Fish Size (g)",2.995305164,0.873239437,10,NA,"mean_error","0","x","figs5_Rose_data.csv","x_0"
"3_010mean_se_x.png","Treatment 2","Average Fish Size (g)",3.230046948,0.676056338,10,NA,"mean_error","1","x","figs5_Rose_data.csv","x_1"
"4_005boxplot_x.png","Application Treatment 0","Hair length (cm)",2.978922717,1.026136877,10,NA,"boxplot","0","x","figs5_Rose_data.csv","x_0"
"4_005boxplot_x.png","Application Treatment 1","Hair length (cm)",3.18969555,0.824555298,10,NA,"boxplot","1","x","figs5_Rose_data.csv","x_1"
"5_008mean_se_y.png","Treatment 1","Transect length",8.175,1.81875,10,NA,"mean_error","0","y","figs5_Rose_data.csv","y_0"
"5_008mean_se_y.png","Treatment 2","Transect length",8.30625,0.7875,10,NA,"mean_error","1","y","figs5_Rose_data.csv","y_1"
"6_003boxplot_y.png","Treatment 0","Sprint speed (m/s)",8.224824356,2.042393707,10,NA,"boxplot","0","y","figs5_Rose_data.csv","y_0"
"6_003boxplot_y.png","Treatment 1","Sprint speed (m/s)",8.330210773,1.021050507,10,NA,"boxplot","1","y","figs5_Rose_data.csv","y_1"
"7_014histo_x.png","Bird","Flying Speed (m/s)",3.123696682,0.754436278,20,NA,"histogram","all","x","figs5_Rose_data.csv","x_all"
"8_013histo_x.png","Animal","Number of Jumps",3.122511848,0.760479942,20,NA,"histogram","all","x","figs5_Rose_data.csv","x_all"
"9_001scatterplot.png","Control","Sepal length (mm)",2.999054374,0.878208219,10,0.915571941,"scatterplot","0","x","figs5_Rose_data.csv","x_0"
"9_001scatterplot.png","Control","Root length (mm)",8.166744731,1.827062422,10,0.915571941,"scatterplot","0","y","figs5_Rose_data.csv","y_0"
"9_001scatterplot.png","Treatment","Sepal length (mm)",3.244917258,0.672248132,10,0.288888141,"scatterplot","1","x","figs5_Rose_data.csv","x_1"
"9_001scatterplot.png","Treatment","Root length (mm)",8.303512881,0.806566504,10,0.288888141,"scatterplot","1","y","figs5_Rose_data.csv","y_1"
"10_001scatterplot.png","Control","sepal_length",2.998734177,0.882138126,10,0.917356499,"scatterplot","0","x","figs6_Fonti_data.csv","x_0"
"10_001scatterplot.png","Control","root_length",8.16,1.81594787,10,0.917356499,"scatterplot","0","y","figs6_Fonti_data.csv","y_0"
"10_001scatterplot.png","Treatment","sepal_length",3.241772152,0.678221973,10,0.277007013,"scatterplot","1","x","figs6_Fonti_data.csv","x_1"
"10_001scatterplot.png","Treatment","root_length",8.2975,0.805919937,10,0.277007013,"scatterplot","1","y","figs6_Fonti_data.csv","y_1"
"11_014histo_x.png",NA,"frequency_flying_speed",3.107278481,0.757769181,20,NA,"histogram","all","x","figs6_Fonti_data.csv","x_all"
"12_013histo_x.png",NA,"freq_num_of_jumps",3.149679487,0.773252742,20,NA,"histogram","all","x","figs6_Fonti_data.csv","x_all"
"13_005boxplot_x.png","0","hair_length_cm",2.966049383,1.014919054,10,NA,"boxplot","0","x","figs6_Fonti_data.csv","x_0"
"13_005boxplot_x.png","1","hair_length_cm",3.183641975,0.812357502,10,NA,"boxplot","1","x","figs6_Fonti_data.csv","x_1"
"14_007mean_se_y.png","treatment_1","mean_run_distance_SD",8.175,1.8,10,NA,"mean_error","0","y","figs6_Fonti_data.csv","y_0"
"14_007mean_se_y.png","treatment_2","mean_run_distance_SD",8.325,0.775,10,NA,"mean_error","1","y","figs6_Fonti_data.csv","y_1"
"1_006boxplot_x.png","0","thermal_crit_lim",2.978125,1.027605542,10,NA,"boxplot","0","x","figs6_Fonti_data.csv","x_0"
"1_006boxplot_x.png","1","thermal_crit_lim",3.1890625,0.827886992,10,NA,"boxplot","1","x","figs6_Fonti_data.csv","x_1"
"2_004boxplot_y.png","0","bite_force_N",8.23125,2.050031344,10,NA,"boxplot","0","y","figs6_Fonti_data.csv","y_0"
"2_004boxplot_y.png","1","bite_force_N",8.340625,1.007400391,10,NA,"boxplot","1","y","figs6_Fonti_data.csv","y_1"
"3_002scatterplot.png","forest","body_size_mm",2.994936709,0.881769725,10,0.916178547,"scatterplot","0","x","figs6_Fonti_data.csv","x_0"
"3_002scatterplot.png","forest","body_mass_g",8.1675,1.835076822,10,0.916178547,"scatterplot","0","y","figs6_Fonti_data.csv","y_0"
"3_002scatterplot.png","savannah","body_size_mm",3.237974684,0.669273332,10,0.29139179,"scatterplot","1","x","figs6_Fonti_data.csv","x_1"
"3_002scatterplot.png","savannah","body_mass_g",8.3,0.800520664,10,0.29139179,"scatterplot","1","y","figs6_Fonti_data.csv","y_1"
"4_003boxplot_y.png","0","sprint_speed(m.per.s)",8.238505747,2.034768981,10,NA,"boxplot","0","y","figs6_Fonti_data.csv","y_0"
"4_003boxplot_y.png","1","sprint_speed(m.per.s)",8.350574713,1.01909878,10,NA,"boxplot","1","y","figs6_Fonti_data.csv","y_1"
"5_010mean_se_x.png","treatment_1","average_fish_size_g",3,0.862068966,10,NA,"mean_error","0","x","figs6_Fonti_data.csv","x_0"
"5_010mean_se_x.png","treatment_2","average_fish_size_g",3.229885057,0.67816092,10,NA,"mean_error","1","x","figs6_Fonti_data.csv","x_1"
"6_012histo_y.png",NA,"freq_latency_to_hide",8.327647059,1.52287852,20,NA,"histogram","all","y","figs6_Fonti_data.csv","y_all"
"7_011histo_y.png",NA,"freq_lat_to_hide",8.337647059,1.526298809,20,NA,"histogram","all","y","figs6_Fonti_data.csv","y_all"
"8_008mean_se_y.png","treatment_1","transect_length_SD",8.16091954,1.816091954,10,NA,"mean_error","0","y","figs6_Fonti_data.csv","y_0"
"8_008mean_se_y.png","treatment_2","transect_length_SD",8.275862069,0.804597701,10,NA,"mean_error","1","y","figs6_Fonti_data.csv","y_1"
"9_009mean_se_x.png","treatment_1","mean_sound_intensity_decib_SD",2.988505747,0.885057471,10,NA,"mean_error","0","x","figs6_Fonti_data.csv","x_0"
"9_009mean_se_x.png","treatment_2","mean_sound_intensity_decib_SD",3.24137931,0.666666667,10,NA,"mean_error","1","x","figs6_Fonti_data.csv","x_1"
"1_001scatterplot.png","control","sepal length(mm)",3.011637761,0.89276809,10,0.916097342,"scatterplot","0","x","figs8_Riley_data.csv","x_0"
"1_001scatterplot.png","control","root length (mm)",8.153174769,1.825089615,10,0.916097342,"scatterplot","0","y","figs8_Riley_data.csv","y_0"
"1_001scatterplot.png","treatment","sepal length(mm)",3.258113397,0.681116933,10,0.290632669,"scatterplot","1","x","figs8_Riley_data.csv","x_1"
"1_001scatterplot.png","treatment","root length (mm)",8.287280061,0.808677005,10,0.290632669,"scatterplot","1","y","figs8_Riley_data.csv","y_1"
"10_009mean_se_x.png","treatment 1","mean sound intensity",2.984293918,0.850446274,10,NA,"mean_error","0","x","figs8_Riley_data.csv","x_0"
"10_009mean_se_x.png","treatment 2","mean sound intensity",3.227115478,0.655400263,10,NA,"mean_error","1","x","figs8_Riley_data.csv","x_1"
"11_013histo_x.png","number of jumps","frequency",3.147706716,0.766727948,20,NA,"histogram","all","x","figs8_Riley_data.csv","x_all"
"12_007mean_se_y.png","treatment 1","mean running distance",8.132947579,1.791968037,10,NA,"mean_error","0","y","figs8_Riley_data.csv","y_0"
"12_007mean_se_y.png","treatment 2","mean running distance",8.293517944,0.751808225,10,NA,"mean_error","1","y","figs8_Riley_data.csv","y_1"
"13_006boxplot_x.png","Thermal Treatment 0","Thermal Critical",2.977082315,0.985393518,12,NA,"boxplot","0","x","figs8_Riley_data.csv","x_0"
"13_006boxplot_x.png","Thermal Treatment 1","Thermal Critical",3.194887593,0.790950069,12,NA,"boxplot","1","x","figs8_Riley_data.csv","x_1"
"14_008mean_se_y.png","treatment1","transect length",8.104026384,1.796688196,10,NA,"mean_error","0","y","figs8_Riley_data.csv","y_0"
"14_008mean_se_y.png","treatment2","transect length",8.232994366,0.792496908,10,NA,"mean_error","1","y","figs8_Riley_data.csv","y_1"
"2_010mean_se_x.png","treatment1","average fish size",2.978090005,0.874939139,10,NA,"mean_error","0","x","figs8_Riley_data.csv","x_0"
"2_010mean_se_x.png","treatment2","average fish size",3.221966051,0.656197571,10,NA,"mean_error","1","x","figs8_Riley_data.csv","x_1"
"3_003boxplot_y.png","treatement0","sprint speed",8.240517571,2.033437706,10,NA,"boxplot","0","y","figs8_Riley_data.csv","y_0"
"3_003boxplot_y.png","treatment1","sprint speed",8.337815126,0.994504569,10,NA,"boxplot","1","y","figs8_Riley_data.csv","y_1"
"4_002scatterplot.png","forest","body size",2.98724294,0.872528517,10,0.91452079,"scatterplot","0","x","figs8_Riley_data.csv","x_0"
"4_002scatterplot.png","forest","body mass",8.198281393,1.833388536,10,0.91452079,"scatterplot","0","y","figs8_Riley_data.csv","y_0"
"4_002scatterplot.png","savannah","body size",3.223772253,0.66947611,10,0.292910152,"scatterplot","1","x","figs8_Riley_data.csv","x_1"
"4_002scatterplot.png","savannah","body mass",8.321860678,0.805104908,10,0.292910152,"scatterplot","1","y","figs8_Riley_data.csv","y_1"
"5_011histo_y.png","latency to return to hide","frequency",8.294807264,1.499073641,20,NA,"histogram","all","y","figs8_Riley_data.csv","y_all"
"6_004boxplot_y.png","treatment0","bite force",8.156924795,1.979844286,10,NA,"boxplot","0","y","figs8_Riley_data.csv","y_0"
"6_004boxplot_y.png","treatment1","bite force",8.259819434,0.981414444,10,NA,"boxplot","1","y","figs8_Riley_data.csv","y_1"
"7_012histo_y.png","latency to return to hide","frequency",8.33470426,1.521363338,20,NA,"histogram","all","y","figs8_Riley_data.csv","y_all"
"8_005boxplot_x.png","application treatment 0","hair length",2.967381421,1.016372745,10,NA,"boxplot","0","x","figs8_Riley_data.csv","x_0"
"8_005boxplot_x.png","application treatment 1","hair length",3.185520533,0.807959479,10,NA,"boxplot","1","x","figs8_Riley_data.csv","x_1"
"9_014histo_x.png","flying speed","frequency",3.130361892,0.759660021,20,NA,"histogram","all","x","figs8_Riley_data.csv","x_all"
